date,sales
2020-01-01,114.0
2020-01-02,100.0
2020-01-03,121.0
2020-01-04,201.0
2020-01-05,154.0
2020-01-06,103.0
2020-01-07,150.0
2020-01-08,132.0
2020-01-09,102.0
2020-01-10,129.0
2020-01-11,157.0
2020-01-12,157.0
2020-01-13,126.0
2020-01-14,74.0
2020-01-15,80.0
2020-01-16,111.0
2020-01-17,101.0
2020-01-18,188.0
2020-01-19,147.0
2020-01-20,96.0
2020-01-21,169.0
2020-01-22,129.0
2020-01-23,137.0
2020-01-24,102.0
2020-01-25,193.0
2020-01-26,181.0
2020-01-27,113.0
2020-01-28,152.0
2020-01-29,129.0
2020-01-30,139.0
2020-01-31,132.0
2020-02-01,248.0
2020-02-02,202.0
2020-02-03,125.0
2020-02-04,173.0
2020-02-05,124.0
2020-02-06,161.0
2020-02-07,108.0
2020-02-08,158.0
2020-02-09,225.0
2020-02-10,179.0
2020-02-11,166.0
2020-02-12,160.0
2020-02-13,157.0
2020-02-14,129.0
2020-02-15,196.0
2020-02-16,214.0
2020-02-17,196.0
2020-02-18,179.0
2020-02-19,127.0
2020-02-20,181.0
2020-02-21,164.0
2020-02-22,200.0
2020-02-23,251.0
2020-02-24,202.0
2020-02-25,201.0
2020-02-26,158.0
2020-02-27,172.0
2020-02-28,189.0
2020-02-29,248.0
2020-03-01,225.0
2020-03-02,179.0
2020-03-03,157.0
2020-03-04,155.0
2020-03-05,206.0
2020-03-06,221.0
2020-03-07,235.0
2020-03-08,263.0
2020-03-09,198.0
2020-03-10,174.0
2020-03-11,200.0
2020-03-12,230.0
2020-03-13,191.0
2020-03-14,289.0
2020-03-15,174.0
2020-03-16,214.0
2020-03-17,196.0
2020-03-18,187.0
2020-03-19,198.0
2020-03-20,146.0
2020-03-21,230.0
2020-03-22,244.0
2020-03-23,234.0
2020-03-24,185.0
2020-03-25,178.0
2020-03-26,186.0
2020-03-27,222.0
2020-03-28,239.0
2020-03-29,231.0
2020-03-30,212.0
2020-03-31,202.0
2020-04-01,224.0
2020-04-02,183.0
2020-04-03,192.0
2020-04-04,248.0
2020-04-05,203.0
2020-04-06,208.0
2020-04-07,207.0
2020-04-08,201.0
2020-04-09,195.0
2020-04-10,165.0
2020-04-11,251.0
2020-04-12,262.0
2020-04-13,181.0
2020-04-14,197.0
2020-04-15,211.0
2020-04-16,247.0
2020-04-17,205.0
2020-04-18,241.0
2020-04-19,250.0
2020-04-20,152.0
2020-04-21,199.0
2020-04-22,201.0
2020-04-23,260.0
2020-04-24,194.0
2020-04-25,258.0
2020-04-26,243.0
2020-04-27,168.0
2020-04-28,226.0
2020-04-29,215.0
2020-04-30,216.0
2020-05-01,282.0
2020-05-02,343.0
2020-05-03,267.0
2020-05-04,267.0
2020-05-05,347.0
2020-05-06,265.0
2020-05-07,272.0
2020-05-08,273.0
2020-05-09,284.0
2020-05-10,342.0
2020-05-11,281.0
2020-05-12,269.0
2020-05-13,283.0
2020-05-14,268.0
2020-05-15,352.0
2020-05-16,335.0
2020-05-17,325.0
2020-05-18,310.0
2020-05-19,248.0
2020-05-20,289.0
2020-05-21,309.0
2020-05-22,238.0
2020-05-23,345.0
2020-05-24,287.0
2020-05-25,278.0
2020-05-26,219.0
2020-05-27,212.0
2020-05-28,265.0
2020-05-29,286.0
2020-05-30,322.0
2020-05-31,335.0
2020-06-01,155.0
2020-06-02,177.0
2020-06-03,178.0
2020-06-04,151.0
2020-06-05,215.0
2020-06-06,239.0
2020-06-07,192.0
2020-06-08,182.0
2020-06-09,140.0
2020-06-10,183.0
2020-06-11,191.0
2020-06-12,140.0
2020-06-13,241.0
2020-06-14,231.0
2020-06-15,178.0
2020-06-16,204.0
2020-06-17,149.0
2020-06-18,135.0
2020-06-19,131.0
2020-06-20,180.0
2020-06-21,191.0
2020-06-22,158.0
2020-06-23,155.0
2020-06-24,168.0
2020-06-25,147.0
2020-06-26,181.0
2020-06-27,189.0
2020-06-28,261.0
2020-06-29,157.0
2020-06-30,119.0
2020-07-01,113.0
2020-07-02,150.0
2020-07-03,131.0
2020-07-04,196.0
2020-07-05,187.0
2020-07-06,132.0
2020-07-07,111.0
2020-07-08,93.0
2020-07-09,119.0
2020-07-10,150.0
2020-07-11,171.0
2020-07-12,146.0
2020-07-13,130.0
2020-07-14,134.0
2020-07-15,101.0
2020-07-16,126.0
2020-07-17,123.0
2020-07-18,159.0
2020-07-19,190.0
2020-07-20,132.0
2020-07-21,144.0
2020-07-22,142.0
2020-07-23,80.0
2020-07-24,90.0
2020-07-25,180.0
2020-07-26,185.0
2020-07-27,123.0
2020-07-28,206.0
2020-07-29,123.0
2020-07-30,136.0
2020-07-31,130.0
2020-08-01,165.0
2020-08-02,143.0
2020-08-03,123.0
2020-08-04,83.0
2020-08-05,96.0
2020-08-06,89.0
2020-08-07,102.0
2020-08-08,207.0
2020-08-09,98.0
2020-08-10,115.0
2020-08-11,56.0
2020-08-12,84.0
2020-08-13,122.0
2020-08-14,96.0
2020-08-15,103.0
2020-08-16,117.0
2020-08-17,109.0
2020-08-18,73.0
2020-08-19,96.0
2020-08-20,91.0
2020-08-21,73.0
2020-08-22,191.0
2020-08-23,158.0
2020-08-24,37.0
2020-08-25,91.0
2020-08-26,70.0
2020-08-27,107.0
2020-08-28,65.0
2020-08-29,146.0
2020-08-30,156.0
2020-08-31,105.0
2020-09-01,53.0
2020-09-02,74.0
2020-09-03,70.0
2020-09-04,66.0
2020-09-05,173.0
2020-09-06,148.0
2020-09-07,49.0
2020-09-08,104.0
2020-09-09,133.0
2020-09-10,106.0
2020-09-11,42.0
2020-09-12,103.0
2020-09-13,138.0
2020-09-14,62.0
2020-09-15,90.0
2020-09-16,98.0
2020-09-17,56.0
2020-09-18,77.0
2020-09-19,62.0
2020-09-20,106.0
2020-09-21,72.0
2020-09-22,48.0
2020-09-23,120.0
2020-09-24,43.0
2020-09-25,68.0
2020-09-26,139.0
2020-09-27,155.0
2020-09-28,44.0
2020-09-29,109.0
2020-09-30,80.0
2020-10-01,55.0
2020-10-02,92.0
2020-10-03,147.0
2020-10-04,104.0
2020-10-05,83.0
2020-10-06,72.0
2020-10-07,85.0
2020-10-08,99.0
2020-10-09,122.0
2020-10-10,97.0
2020-10-11,185.0
2020-10-12,35.0
2020-10-13,81.0
2020-10-14,100.0
2020-10-15,93.0
2020-10-16,71.0
2020-10-17,122.0
2020-10-18,100.0
2020-10-19,73.0
2020-10-20,110.0
2020-10-21,99.0
2020-10-22,73.0
2020-10-23,114.0
2020-10-24,150.0
2020-10-25,168.0
2020-10-26,109.0
2020-10-27,74.0
2020-10-28,81.0
2020-10-29,115.0
2020-10-30,112.0
2020-10-31,147.0
2020-11-01,262.0
2020-11-02,217.0
2020-11-03,224.0
2020-11-04,216.0
2020-11-05,213.0
2020-11-06,186.0
2020-11-07,277.0
2020-11-08,268.0
2020-11-09,189.0
2020-11-10,281.0
2020-11-11,235.0
2020-11-12,219.0
2020-11-13,182.0
2020-11-14,292.0
2020-11-15,246.0
2020-11-16,224.0
2020-11-17,235.0
2020-11-18,207.0
2020-11-19,300.0
2020-11-20,206.0
2020-11-21,220.0
2020-11-22,331.0
2020-11-23,276.0
2020-11-24,304.0
2020-11-25,220.0
2020-11-26,232.0
2020-11-27,165.0
2020-11-28,299.0
2020-11-29,243.0
2020-11-30,296.0
2020-12-01,131.0
2020-12-02,116.0
2020-12-03,130.0
2020-12-04,149.0
2020-12-05,168.0
2020-12-06,159.0
2020-12-07,150.0
2020-12-08,151.0
2020-12-09,134.0
2020-12-10,136.0
2020-12-11,155.0
2020-12-12,166.0
2020-12-13,159.0
2020-12-14,136.0
2020-12-15,150.0
2020-12-16,165.0
2020-12-17,196.0
2020-12-18,182.0
2020-12-19,206.0
2020-12-20,209.0
2020-12-21,140.0
2020-12-22,166.0
2020-12-23,161.0
2020-12-24,178.0
2020-12-25,151.0
2020-12-26,233.0
2020-12-27,259.0
2020-12-28,173.0
2020-12-29,188.0
2020-12-30,197.0
2020-12-31,171.0
2021-01-01,187.0
2021-01-02,235.0
2021-01-03,231.0
2021-01-04,167.0
2021-01-05,189.0
2021-01-06,202.0
2021-01-07,227.0
2021-01-08,217.0
2021-01-09,296.0
2021-01-10,234.0
2021-01-11,219.0
2021-01-12,204.0
2021-01-13,255.0
2021-01-14,182.0
2021-01-15,183.0
2021-01-16,237.0
2021-01-17,204.0
2021-01-18,195.0
2021-01-19,191.0
2021-01-20,215.0
2021-01-21,221.0
2021-01-22,261.0
2021-01-23,292.0
2021-01-24,249.0
2021-01-25,196.0
2021-01-26,233.0
2021-01-27,189.0
2021-01-28,269.0
2021-01-29,254.0
2021-01-30,272.0
2021-01-31,233.0
2021-02-01,263.0
2021-02-02,227.0
2021-02-03,263.0
2021-02-04,193.0
2021-02-05,219.0
2021-02-06,296.0
2021-02-07,281.0
2021-02-08,227.0
2021-02-09,255.0
2021-02-10,214.0
2021-02-11,238.0
2021-02-12,246.0
2021-02-13,308.0
2021-02-14,304.0
2021-02-15,219.0
2021-02-16,210.0
2021-02-17,281.0
2021-02-18,259.0
2021-02-19,233.0
2021-02-20,326.0
2021-02-21,323.0
2021-02-22,284.0
2021-02-23,258.0
2021-02-24,308.0
2021-02-25,302.0
2021-02-26,253.0
2021-02-27,333.0
2021-02-28,342.0
2021-03-01,296.0
2021-03-02,239.0
2021-03-03,281.0
2021-03-04,291.0
2021-03-05,221.0
2021-03-06,282.0
2021-03-07,240.0
2021-03-08,261.0
2021-03-09,286.0
2021-03-10,307.0
2021-03-11,272.0
2021-03-12,311.0
2021-03-13,294.0
2021-03-14,291.0
2021-03-15,271.0
2021-03-16,283.0
2021-03-17,273.0
2021-03-18,223.0
2021-03-19,273.0
2021-03-20,288.0
2021-03-21,336.0
2021-03-22,286.0
2021-03-23,253.0
2021-03-24,264.0
2021-03-25,251.0
2021-03-26,277.0
2021-03-27,359.0
2021-03-28,309.0
2021-03-29,292.0
2021-03-30,266.0
2021-03-31,260.0
2021-04-01,277.0
2021-04-02,254.0
2021-04-03,321.0
2021-04-04,308.0
2021-04-05,330.0
2021-04-06,282.0
2021-04-07,263.0
2021-04-08,286.0
2021-04-09,278.0
2021-04-10,326.0
2021-04-11,338.0
2021-04-12,300.0
2021-04-13,268.0
2021-04-14,266.0
2021-04-15,274.0
2021-04-16,223.0
2021-04-17,278.0
2021-04-18,375.0
2021-04-19,321.0
2021-04-20,274.0
2021-04-21,294.0
2021-04-22,287.0
2021-04-23,356.0
2021-04-24,363.0
2021-04-25,324.0
2021-04-26,254.0
2021-04-27,238.0
2021-04-28,283.0
2021-04-29,258.0
2021-04-30,241.0
2021-05-01,427.0
2021-05-02,438.0
2021-05-03,425.0
2021-05-04,403.0
2021-05-05,344.0
2021-05-06,358.0
2021-05-07,383.0
2021-05-08,404.0
2021-05-09,458.0
2021-05-10,390.0
2021-05-11,344.0
2021-05-12,388.0
2021-05-13,349.0
2021-05-14,319.0
2021-05-15,457.0
2021-05-16,468.0
2021-05-17,342.0
2021-05-18,370.0
2021-05-19,336.0
2021-05-20,354.0
2021-05-21,349.0
2021-05-22,409.0
2021-05-23,413.0
2021-05-24,303.0
2021-05-25,358.0
2021-05-26,374.0
2021-05-27,346.0
2021-05-28,330.0
2021-05-29,416.0
2021-05-30,415.0
2021-05-31,336.0
2021-06-01,229.0
2021-06-02,255.0
2021-06-03,270.0
2021-06-04,209.0
2021-06-05,320.0
2021-06-06,278.0
2021-06-07,262.0
2021-06-08,227.0
2021-06-09,200.0
2021-06-10,204.0
2021-06-11,244.0
2021-06-12,301.0
2021-06-13,265.0
2021-06-14,256.0
2021-06-15,197.0
2021-06-16,236.0
2021-06-17,206.0
2021-06-18,219.0
2021-06-19,270.0
2021-06-20,273.0
2021-06-21,223.0
2021-06-22,256.0
2021-06-23,215.0
2021-06-24,250.0
2021-06-25,199.0
2021-06-26,302.0
2021-06-27,310.0
2021-06-28,162.0
2021-06-29,203.0
2021-06-30,236.0
2021-07-01,216.0
2021-07-02,229.0
2021-07-03,250.0
2021-07-04,256.0
2021-07-05,212.0
2021-07-06,244.0
2021-07-07,220.0
2021-07-08,221.0
2021-07-09,201.0
2021-07-10,248.0
2021-07-11,249.0
2021-07-12,218.0
2021-07-13,196.0
2021-07-14,213.0
2021-07-15,457.0
2021-07-16,225.0
2021-07-17,226.0
2021-07-18,272.0
2021-07-19,190.0
2021-07-20,148.0
2021-07-21,173.0
2021-07-22,150.0
2021-07-23,187.0
2021-07-24,235.0
2021-07-25,288.0
2021-07-26,201.0
2021-07-27,186.0
2021-07-28,211.0
2021-07-29,134.0
2021-07-30,195.0
2021-07-31,274.0
2021-08-01,213.0
2021-08-02,214.0
2021-08-03,193.0
2021-08-04,173.0
2021-08-05,199.0
2021-08-06,239.0
2021-08-07,251.0
2021-08-08,225.0
2021-08-09,168.0
2021-08-10,157.0
2021-08-11,198.0
2021-08-12,155.0
2021-08-13,178.0
2021-08-14,217.0
2021-08-15,223.0
2021-08-16,182.0
2021-08-17,199.0
2021-08-18,159.0
2021-08-19,165.0
2021-08-20,146.0
2021-08-21,214.0
2021-08-22,235.0
2021-08-23,188.0
2021-08-24,145.0
2021-08-25,189.0
2021-08-26,201.0
2021-08-27,177.0
2021-08-28,262.0
2021-08-29,194.0
2021-08-30,134.0
2021-08-31,120.0
2021-09-01,201.0
2021-09-02,180.0
2021-09-03,162.0
2021-09-04,203.0
2021-09-05,201.0
2021-09-06,223.0
2021-09-07,165.0
2021-09-08,164.0
2021-09-09,179.0
2021-09-10,173.0
2021-09-11,219.0
2021-09-12,188.0
2021-09-13,172.0
2021-09-14,207.0
2021-09-15,193.0
2021-09-16,199.0
2021-09-17,146.0
2021-09-18,177.0
2021-09-19,213.0
2021-09-20,160.0
2021-09-21,186.0
2021-09-22,117.0
2021-09-23,197.0
2021-09-24,155.0
2021-09-25,199.0
2021-09-26,191.0
2021-09-27,118.0
2021-09-28,180.0
2021-09-29,161.0
2021-09-30,128.0
2021-10-01,128.0
2021-10-02,202.0
2021-10-03,259.0
2021-10-04,154.0
2021-10-05,123.0
2021-10-06,155.0
2021-10-07,155.0
2021-10-08,95.0
2021-10-09,214.0
2021-10-10,214.0
2021-10-11,181.0
2021-10-12,210.0
2021-10-13,192.0
2021-10-14,158.0
2021-10-15,138.0
2021-10-16,297.0
2021-10-17,238.0
2021-10-18,167.0
2021-10-19,167.0
2021-10-20,173.0
2021-10-21,165.0
2021-10-22,155.0
2021-10-23,207.0
2021-10-24,201.0
2021-10-25,158.0
2021-10-26,155.0
2021-10-27,176.0
2021-10-28,168.0
2021-10-29,213.0
2021-10-30,168.0
2021-10-31,252.0
2021-11-01,294.0
2021-11-02,248.0
2021-11-03,259.0
2021-11-04,289.0
2021-11-05,281.0
2021-11-06,302.0
2021-11-07,314.0
2021-11-08,306.0
2021-11-09,324.0
2021-11-10,323.0
2021-11-11,316.0
2021-11-12,248.0
2021-11-13,281.0
2021-11-14,369.0
2021-11-15,221.0
2021-11-16,305.0
2021-11-17,308.0
2021-11-18,291.0
2021-11-19,354.0
2021-11-20,381.0
2021-11-21,306.0
2021-11-22,331.0
2021-11-23,275.0
2021-11-24,288.0
2021-11-25,301.0
2021-11-26,288.0
2021-11-27,322.0
2021-11-28,338.0
2021-11-29,329.0
2021-11-30,274.0
2021-12-01,200.0
2021-12-02,241.0
2021-12-03,199.0
2021-12-04,237.0
2021-12-05,221.0
2021-12-06,236.0
2021-12-07,190.0
2021-12-08,268.0
2021-12-09,173.0
2021-12-10,269.0
2021-12-11,293.0
2021-12-12,265.0
2021-12-13,218.0
2021-12-14,243.0
2021-12-15,233.0
2021-12-16,263.0
2021-12-17,240.0
2021-12-18,317.0
2021-12-19,286.0
2021-12-20,241.0
2021-12-21,251.0
2021-12-22,203.0
2021-12-23,213.0
2021-12-24,267.0
2021-12-25,285.0
2021-12-26,316.0
2021-12-27,254.0
2021-12-28,263.0
2021-12-29,243.0
2021-12-30,239.0
2021-12-31,264.0
2022-01-01,290.0
2022-01-02,333.0
2022-01-03,222.0
2022-01-04,292.0
2022-01-05,280.0
2022-01-06,276.0
2022-01-07,296.0
2022-01-08,360.0
2022-01-09,340.0
2022-01-10,230.0
2022-01-11,245.0
2022-01-12,263.0
2022-01-13,281.0
2022-01-14,295.0
2022-01-15,312.0
2022-01-16,339.0
2022-01-17,268.0
2022-01-18,273.0
2022-01-19,255.0
2022-01-20,268.0
2022-01-21,259.0
2022-01-22,337.0
2022-01-23,376.0
2022-01-24,274.0
2022-01-25,365.0
2022-01-26,313.0
2022-01-27,306.0
2022-01-28,282.0
2022-01-29,359.0
2022-01-30,340.0
2022-01-31,310.0
2022-02-01,373.0
2022-02-02,308.0
2022-02-03,340.0
2022-02-04,295.0
2022-02-05,364.0
2022-02-06,418.0
2022-02-07,301.0
2022-02-08,364.0
2022-02-09,337.0
2022-02-10,307.0
2022-02-11,338.0
2022-02-12,379.0
2022-02-13,396.0
2022-02-14,286.0
2022-02-15,309.0
2022-02-16,322.0
2022-02-17,327.0
2022-02-18,346.0
2022-02-19,364.0
2022-02-20,358.0
2022-02-21,343.0
2022-02-22,350.0
2022-02-23,350.0
2022-02-24,364.0
2022-02-25,359.0
2022-02-26,406.0
2022-02-27,395.0
2022-02-28,299.0
2022-03-01,352.0
2022-03-02,348.0
2022-03-03,350.0
2022-03-04,312.0
2022-03-05,376.0
2022-03-06,423.0
2022-03-07,346.0
2022-03-08,365.0
2022-03-09,349.0
2022-03-10,200.0
2022-03-11,373.0
2022-03-12,383.0
2022-03-13,399.0
2022-03-14,340.0
2022-03-15,342.0
2022-03-16,345.0
2022-03-17,359.0
2022-03-18,342.0
2022-03-19,447.0
2022-03-20,385.0
2022-03-21,351.0
2022-03-22,345.0
2022-03-23,393.0
2022-03-24,362.0
2022-03-25,383.0
2022-03-26,362.0
2022-03-27,409.0
2022-03-28,381.0
2022-03-29,361.0
2022-03-30,386.0
2022-03-31,347.0
2022-04-01,395.0
2022-04-02,477.0
2022-04-03,392.0
2022-04-04,349.0
2022-04-05,397.0
2022-04-06,400.0
2022-04-07,348.0
2022-04-08,350.0
2022-04-09,393.0
2022-04-10,386.0
2022-04-11,338.0
2022-04-12,336.0
2022-04-13,342.0
2022-04-14,360.0
2022-04-15,367.0
2022-04-16,440.0
2022-04-17,390.0
2022-04-18,385.0
2022-04-19,355.0
2022-04-20,359.0
2022-04-21,377.0
2022-04-22,331.0
2022-04-23,412.0
2022-04-24,419.0
2022-04-25,371.0
2022-04-26,365.0
2022-04-27,419.0
2022-04-28,342.0
2022-04-29,344.0
2022-04-30,375.0
2022-05-01,501.0
2022-05-02,454.0
2022-05-03,490.0
2022-05-04,503.0
2022-05-05,439.0
2022-05-06,409.0
2022-05-07,539.0
2022-05-08,480.0
2022-05-09,449.0
2022-05-10,453.0
2022-05-11,395.0
2022-05-12,480.0
2022-05-13,501.0
2022-05-14,488.0
2022-05-15,470.0
2022-05-16,445.0
2022-05-17,476.0
2022-05-18,472.0
2022-05-19,537.0
2022-05-20,463.0
2022-05-21,502.0
2022-05-22,444.0
2022-05-23,439.0
2022-05-24,439.0
2022-05-25,474.0
2022-05-26,429.0
2022-05-27,463.0
2022-05-28,507.0
2022-05-29,500.0
2022-05-30,513.0
2022-05-31,408.0
2022-06-01,321.0
2022-06-02,359.0
2022-06-03,349.0
2022-06-04,432.0
2022-06-05,380.0
2022-06-06,319.0
2022-06-07,342.0
2022-06-08,354.0
2022-06-09,346.0
2022-06-10,337.0
2022-06-11,401.0
2022-06-12,421.0
2022-06-13,356.0
2022-06-14,336.0
2022-06-15,315.0
2022-06-16,321.0
2022-06-17,347.0
2022-06-18,355.0
2022-06-19,387.0
2022-06-20,303.0
2022-06-21,313.0
2022-06-22,343.0
2022-06-23,315.0
2022-06-24,310.0
2022-06-25,315.0
2022-06-26,395.0
2022-06-27,321.0
2022-06-28,358.0
2022-06-29,295.0
2022-06-30,307.0
2022-07-01,307.0
2022-07-02,393.0
2022-07-03,351.0
2022-07-04,304.0
2022-07-05,311.0
2022-07-06,300.0
2022-07-07,283.0
2022-07-08,297.0
2022-07-09,357.0
2022-07-10,318.0
2022-07-11,292.0
2022-07-12,270.0
2022-07-13,317.0
2022-07-14,248.0
2022-07-15,271.0
2022-07-16,342.0
2022-07-17,367.0
2022-07-18,280.0
2022-07-19,266.0
2022-07-20,326.0
2022-07-21,242.0
2022-07-22,222.0
2022-07-23,329.0
2022-07-24,321.0
2022-07-25,248.0
2022-07-26,290.0
2022-07-27,278.0
2022-07-28,257.0
2022-07-29,238.0
2022-07-30,335.0
2022-07-31,332.0
2022-08-01,264.0
2022-08-02,312.0
2022-08-03,238.0
2022-08-04,226.0
2022-08-05,246.0
2022-08-06,308.0
2022-08-07,315.0
2022-08-08,254.0
2022-08-09,268.0
2022-08-10,227.0
2022-08-11,294.0
2022-08-12,255.0
2022-08-13,322.0
2022-08-14,303.0
2022-08-15,266.0
2022-08-16,268.0
2022-08-17,264.0
2022-08-18,268.0
2022-08-19,285.0
2022-08-20,307.0
2022-08-21,324.0
2022-08-22,247.0
2022-08-23,285.0
2022-08-24,231.0
2022-08-25,292.0
2022-08-26,246.0
2022-08-27,266.0
2022-08-28,281.0
2022-08-29,228.0
2022-08-30,266.0
2022-08-31,228.0
2022-09-01,233.0
2022-09-02,196.0
2022-09-03,272.0
2022-09-04,231.0
2022-09-05,202.0
2022-09-06,261.0
2022-09-07,261.0
2022-09-08,252.0
2022-09-09,217.0
2022-09-10,288.0
2022-09-11,284.0
2022-09-12,211.0
2022-09-13,277.0
2022-09-14,262.0
2022-09-15,234.0
2022-09-16,240.0
2022-09-17,298.0
2022-09-18,242.0
2022-09-19,233.0
2022-09-20,222.0
2022-09-21,214.0
2022-09-22,232.0
2022-09-23,284.0
2022-09-24,304.0
2022-09-25,292.0
2022-09-26,253.0
2022-09-27,274.0
2022-09-28,262.0
2022-09-29,241.0
2022-09-30,224.0
2022-10-01,298.0
2022-10-02,316.0
2022-10-03,263.0
2022-10-04,257.0
2022-10-05,267.0
2022-10-06,228.0
2022-10-07,275.0
2022-10-08,319.0
2022-10-09,343.0
2022-10-10,226.0
2022-10-11,287.0
2022-10-12,249.0
2022-10-13,228.0
2022-10-14,233.0
2022-10-15,276.0
2022-10-16,301.0
2022-10-17,260.0
2022-10-18,233.0
2022-10-19,247.0
2022-10-20,302.0
2022-10-21,292.0
2022-10-22,300.0
2022-10-23,304.0
2022-10-24,254.0
2022-10-25,267.0
2022-10-26,227.0
2022-10-27,247.0
2022-10-28,213.0
2022-10-29,317.0
2022-10-30,317.0
2022-10-31,245.0
2022-11-01,388.0
2022-11-02,327.0
2022-11-03,328.0
2022-11-04,385.0
2022-11-05,440.0
2022-11-06,442.0
2022-11-07,348.0
2022-11-08,402.0
2022-11-09,390.0
2022-11-10,365.0
2022-11-11,381.0
2022-11-12,410.0
2022-11-13,352.0
2022-11-14,422.0
2022-11-15,419.0
2022-11-16,370.0
2022-11-17,382.0
2022-11-18,417.0
2022-11-19,402.0
2022-11-20,413.0
2022-11-21,362.0
2022-11-22,369.0
2022-11-23,424.0
2022-11-24,406.0
2022-11-25,383.0
2022-11-26,471.0
2022-11-27,362.0
2022-11-28,466.0
2022-11-29,371.0
2022-11-30,398.0
2022-12-01,266.0
2022-12-02,263.0
2022-12-03,380.0
2022-12-04,375.0
2022-12-05,308.0
2022-12-06,300.0
2022-12-07,314.0
2022-12-08,306.0
2022-12-09,273.0
2022-12-10,377.0
2022-12-11,340.0
2022-12-12,271.0
2022-12-13,301.0
2022-12-14,350.0
2022-12-15,336.0
2022-12-16,307.0
2022-12-17,354.0
2022-12-18,373.0
2022-12-19,372.0
2022-12-20,332.0
2022-12-21,334.0
2022-12-22,351.0
2022-12-23,333.0
2022-12-24,390.0
2022-12-25,373.0
2022-12-26,330.0
2022-12-27,332.0
2022-12-28,353.0
2022-12-29,338.0
2022-12-30,356.0
2022-12-31,386.0
2023-01-01,393.0
2023-01-02,293.0
2023-01-03,368.0
2023-01-04,355.0
2023-01-05,373.0
2023-01-06,277.0
2023-01-07,463.0
2023-01-08,408.0
2023-01-09,382.0
2023-01-10,330.0
2023-01-11,373.0
2023-01-12,333.0
2023-01-13,345.0
2023-01-14,454.0
2023-01-15,407.0
2023-01-16,371.0
2023-01-17,388.0
2023-01-18,381.0
2023-01-19,373.0
2023-01-20,380.0
2023-01-21,481.0
2023-01-22,426.0
2023-01-23,381.0
2023-01-24,403.0
2023-01-25,406.0
2023-01-26,410.0
2023-01-27,398.0
2023-01-28,417.0
2023-01-29,483.0
2023-01-30,357.0
2023-01-31,395.0
2023-02-01,370.0
2023-02-02,389.0
2023-02-03,400.0
2023-02-04,449.0
2023-02-05,466.0
2023-02-06,436.0
2023-02-07,408.0
2023-02-08,392.0
2023-02-09,424.0
2023-02-10,430.0
2023-02-11,434.0
2023-02-12,466.0
2023-02-13,422.0
2023-02-14,398.0
2023-02-15,441.0
2023-02-16,404.0
2023-02-17,412.0
2023-02-18,455.0
2023-02-19,448.0
2023-02-20,385.0
2023-02-21,378.0
2023-02-22,455.0
2023-02-23,395.0
2023-02-24,392.0
2023-02-25,419.0
2023-02-26,455.0
2023-02-27,387.0
2023-02-28,462.0
2023-03-01,447.0
2023-03-02,405.0
2023-03-03,480.0
2023-03-04,489.0
2023-03-05,466.0
2023-03-06,364.0
2023-03-07,484.0
2023-03-08,393.0
2023-03-09,387.0
2023-03-10,455.0
2023-03-11,542.0
2023-03-12,513.0
2023-03-13,445.0
2023-03-14,447.0
2023-03-15,454.0
2023-03-16,452.0
2023-03-17,441.0
2023-03-18,485.0
2023-03-19,464.0
2023-03-20,417.0
2023-03-21,429.0
2023-03-22,394.0
2023-03-23,434.0
2023-03-24,413.0
2023-03-25,465.0
2023-03-26,477.0
2023-03-27,473.0
2023-03-28,462.0
2023-03-29,400.0
2023-03-30,415.0
2023-03-31,463.0
2023-04-01,451.0
2023-04-02,479.0
2023-04-03,454.0
2023-04-04,416.0
2023-04-05,443.0
2023-04-06,407.0
2023-04-07,426.0
2023-04-08,511.0
2023-04-09,446.0
2023-04-10,452.0
2023-04-11,440.0
2023-04-12,455.0
2023-04-13,446.0
2023-04-14,475.0
2023-04-15,498.0
2023-04-16,475.0
2023-04-17,443.0
2023-04-18,454.0
2023-04-19,441.0
2023-04-20,441.0
2023-04-21,422.0
2023-04-22,473.0
2023-04-23,459.0
2023-04-24,483.0
2023-04-25,407.0
2023-04-26,421.0
2023-04-27,420.0
2023-04-28,460.0
2023-04-29,481.0
2023-04-30,512.0
2023-05-01,581.0
2023-05-02,570.0
2023-05-03,489.0
2023-05-04,593.0
2023-05-05,492.0
2023-05-06,575.0
2023-05-07,584.0
2023-05-08,551.0
2023-05-09,514.0
2023-05-10,547.0
2023-05-11,552.0
2023-05-12,554.0
2023-05-13,578.0
2023-05-14,638.0
2023-05-15,527.0
2023-05-16,483.0
2023-05-17,509.0
2023-05-18,622.0
2023-05-19,509.0
2023-05-20,627.0
2023-05-21,593.0
2023-05-22,484.0
2023-05-23,524.0
2023-05-24,559.0
2023-05-25,489.0
2023-05-26,514.0
2023-05-27,527.0
2023-05-28,507.0
2023-05-29,513.0
2023-05-30,497.0
2023-05-31,507.0
2023-06-01,394.0
2023-06-02,418.0
2023-06-03,430.0
2023-06-04,474.0
2023-06-05,430.0
2023-06-06,359.0
2023-06-07,417.0
2023-06-08,437.0
2023-06-09,375.0
2023-06-10,485.0
2023-06-11,462.0
2023-06-12,384.0
2023-06-13,400.0
2023-06-14,414.0
2023-06-15,401.0
2023-06-16,411.0
2023-06-17,405.0
2023-06-18,457.0
2023-06-19,359.0
2023-06-20,390.0
2023-06-21,369.0
2023-06-22,373.0
2023-06-23,421.0
2023-06-24,472.0
2023-06-25,451.0
2023-06-26,359.0
2023-06-27,377.0
2023-06-28,414.0
2023-06-29,386.0
2023-06-30,440.0
2023-07-01,433.0
2023-07-02,438.0
2023-07-03,371.0
2023-07-04,380.0
2023-07-05,372.0
2023-07-06,393.0
2023-07-07,398.0
2023-07-08,400.0
2023-07-09,385.0
2023-07-10,324.0
2023-07-11,382.0
2023-07-12,340.0
2023-07-13,313.0
2023-07-14,375.0
2023-07-15,487.0
2023-07-16,430.0
2023-07-17,383.0
2023-07-18,363.0
2023-07-19,358.0
2023-07-20,382.0
2023-07-21,351.0
2023-07-22,421.0
2023-07-23,395.0
2023-07-24,338.0
2023-07-25,378.0
2023-07-26,348.0
2023-07-27,333.0
2023-07-28,364.0
2023-07-29,360.0
2023-07-30,414.0
2023-07-31,347.0
2023-08-01,374.0
2023-08-02,358.0
2023-08-03,344.0
2023-08-04,364.0
2023-08-05,425.0
2023-08-06,414.0
2023-08-07,341.0
2023-08-08,307.0
2023-08-09,313.0
2023-08-10,331.0
2023-08-11,322.0
2023-08-12,375.0
2023-08-13,380.0
2023-08-14,348.0
2023-08-15,333.0
2023-08-16,346.0
2023-08-17,334.0
2023-08-18,283.0
2023-08-19,354.0
2023-08-20,367.0
2023-08-21,300.0
2023-08-22,344.0
2023-08-23,367.0
2023-08-24,358.0
2023-08-25,322.0
2023-08-26,408.0
2023-08-27,385.0
2023-08-28,317.0
2023-08-29,310.0
2023-08-30,317.0
2023-08-31,314.0
2023-09-01,328.0
2023-09-02,379.0
2023-09-03,372.0
2023-09-04,333.0
2023-09-05,352.0
2023-09-06,345.0
2023-09-07,284.0
2023-09-08,257.0
2023-09-09,384.0
2023-09-10,329.0
2023-09-11,315.0
2023-09-12,291.0
2023-09-13,275.0
2023-09-14,333.0
2023-09-15,338.0
2023-09-16,360.0
2023-09-17,293.0
2023-09-18,305.0
2023-09-19,329.0
2023-09-20,532.0
2023-09-21,323.0
2023-09-22,318.0
2023-09-23,392.0
2023-09-24,390.0
2023-09-25,295.0
2023-09-26,349.0
2023-09-27,315.0
2023-09-28,319.0
2023-09-29,296.0
2023-09-30,340.0
2023-10-01,355.0
2023-10-02,316.0
2023-10-03,363.0
2023-10-04,286.0
2023-10-05,281.0
2023-10-06,358.0
2023-10-07,369.0
2023-10-08,368.0
2023-10-09,348.0
2023-10-10,308.0
2023-10-11,369.0
2023-10-12,341.0
2023-10-13,312.0
2023-10-14,433.0
2023-10-15,372.0
2023-10-16,344.0
2023-10-17,334.0
2023-10-18,360.0
2023-10-19,367.0
2023-10-20,329.0
2023-10-21,344.0
2023-10-22,386.0
2023-10-23,313.0
2023-10-24,381.0
2023-10-25,335.0
2023-10-26,324.0
2023-10-27,338.0
2023-10-28,358.0
2023-10-29,364.0
2023-10-30,366.0
2023-10-31,321.0
2023-11-01,387.0
2023-11-02,430.0
2023-11-03,484.0
2023-11-04,505.0
2023-11-05,494.0
2023-11-06,415.0
2023-11-07,402.0
2023-11-08,503.0
2023-11-09,431.0
2023-11-10,414.0
2023-11-11,534.0
2023-11-12,511.0
2023-11-13,462.0
2023-11-14,538.0
2023-11-15,436.0
2023-11-16,483.0
2023-11-17,433.0
2023-11-18,507.0
2023-11-19,566.0
2023-11-20,440.0
2023-11-21,477.0
2023-11-22,490.0
2023-11-23,454.0
2023-11-24,464.0
2023-11-25,499.0
2023-11-26,503.0
2023-11-27,499.0
2023-11-28,444.0
2023-11-29,467.0
2023-11-30,444.0
2023-12-01,381.0
2023-12-02,457.0
2023-12-03,462.0
2023-12-04,363.0
2023-12-05,375.0
2023-12-06,388.0
2023-12-07,376.0
2023-12-08,424.0
2023-12-09,467.0
2023-12-10,446.0
2023-12-11,405.0
2023-12-12,419.0
2023-12-13,396.0
2023-12-14,360.0
2023-12-15,404.0
2023-12-16,438.0
2023-12-17,441.0
2023-12-18,414.0
2023-12-19,431.0
2023-12-20,403.0
2023-12-21,411.0
2023-12-22,448.0
2023-12-23,468.0
2023-12-24,515.0
2023-12-25,424.0
2023-12-26,367.0
2023-12-27,432.0
2023-12-28,424.0
2023-12-29,449.0
2023-12-30,481.0
2023-12-31,464.0
2024-01-01,391.0
2024-01-02,418.0
2024-01-03,403.0
2024-01-04,412.0
2024-01-05,443.0
2024-01-06,525.0
2024-01-07,479.0
2024-01-08,403.0
2024-01-09,445.0
2024-01-10,466.0
2024-01-11,422.0
2024-01-12,436.0
2024-01-13,494.0
2024-01-14,463.0
2024-01-15,460.0
2024-01-16,442.0
2024-01-17,457.0
2024-01-18,426.0
2024-01-19,439.0
2024-01-20,523.0
2024-01-21,511.0
2024-01-22,497.0
2024-01-23,446.0
2024-01-24,463.0
2024-01-25,482.0
2024-01-26,425.0
2024-01-27,464.0
2024-01-28,479.0
2024-01-29,496.0
2024-01-30,452.0
2024-01-31,531.0
2024-02-01,455.0
2024-02-02,475.0
2024-02-03,551.0
2024-02-04,557.0
2024-02-05,526.0
2024-02-06,506.0
2024-02-07,502.0
2024-02-08,493.0
2024-02-09,499.0
2024-02-10,506.0
2024-02-11,520.0
2024-02-12,483.0
2024-02-13,480.0
2024-02-14,474.0
2024-02-15,504.0
2024-02-16,512.0
2024-02-17,528.0
2024-02-18,564.0
2024-02-19,463.0
2024-02-20,488.0
2024-02-21,476.0
2024-02-22,448.0
2024-02-23,494.0
2024-02-24,533.0
2024-02-25,598.0
2024-02-26,515.0
2024-02-27,474.0
2024-02-28,547.0
2024-02-29,532.0
2024-03-01,517.0
2024-03-02,546.0
2024-03-03,525.0
2024-03-04,496.0
2024-03-05,533.0
2024-03-06,554.0
2024-03-07,546.0
2024-03-08,496.0
2024-03-09,532.0
2024-03-10,542.0
2024-03-11,466.0
2024-03-12,519.0
2024-03-13,508.0
2024-03-14,501.0
2024-03-15,473.0
2024-03-16,563.0
2024-03-17,544.0
2024-03-18,486.0
2024-03-19,444.0
2024-03-20,515.0
2024-03-21,561.0
2024-03-22,558.0
2024-03-23,555.0
2024-03-24,541.0
2024-03-25,530.0
2024-03-26,493.0
2024-03-27,526.0
2024-03-28,538.0
2024-03-29,550.0
2024-03-30,557.0
2024-03-31,570.0
2024-04-01,498.0
2024-04-02,499.0
2024-04-03,515.0
2024-04-04,530.0
2024-04-05,543.0
2024-04-06,562.0
2024-04-07,602.0
2024-04-08,514.0
2024-04-09,520.0
2024-04-10,502.0
2024-04-11,460.0
2024-04-12,543.0
2024-04-13,581.0
2024-04-14,563.0
2024-04-15,522.0
2024-04-16,533.0
2024-04-17,481.0
2024-04-18,507.0
2024-04-19,540.0
2024-04-20,561.0
2024-04-21,573.0
2024-04-22,485.0
2024-04-23,530.0
2024-04-24,518.0
2024-04-25,478.0
2024-04-26,547.0
2024-04-27,524.0
2024-04-28,554.0
2024-04-29,522.0
2024-04-30,545.0
2024-05-01,562.0
2024-05-02,641.0
2024-05-03,629.0
2024-05-04,718.0
2024-05-05,658.0
2024-05-06,587.0
2024-05-07,607.0
2024-05-08,627.0
2024-05-09,604.0
2024-05-10,537.0
2024-05-11,654.0
2024-05-12,645.0
2024-05-13,566.0
2024-05-14,591.0
2024-05-15,603.0
2024-05-16,647.0
2024-05-17,597.0
2024-05-18,609.0
2024-05-19,647.0
2024-05-20,615.0
2024-05-21,578.0
2024-05-22,567.0
2024-05-23,556.0
2024-05-24,616.0
2024-05-25,676.0
2024-05-26,696.0
2024-05-27,611.0
2024-05-28,598.0
2024-05-29,612.0
2024-05-30,539.0
2024-05-31,637.0
2024-06-01,542.0
2024-06-02,531.0
2024-06-03,570.0
2024-06-04,497.0
2024-06-05,470.0
2024-06-06,477.0
2024-06-07,515.0
2024-06-08,530.0
2024-06-09,494.0
2024-06-10,506.0
2024-06-11,465.0
2024-06-12,528.0
2024-06-13,507.0
2024-06-14,468.0
2024-06-15,530.0
2024-06-16,549.0
2024-06-17,497.0
2024-06-18,486.0
2024-06-19,452.0
2024-06-20,456.0
2024-06-21,497.0
2024-06-22,530.0
2024-06-23,510.0
2024-06-24,444.0
2024-06-25,477.0
2024-06-26,517.0
2024-06-27,437.0
2024-06-28,463.0
2024-06-29,542.0
2024-06-30,506.0
2024-07-01,471.0
2024-07-02,432.0
2024-07-03,468.0
2024-07-04,451.0
2024-07-05,479.0
2024-07-06,520.0
2024-07-07,577.0
2024-07-08,466.0
2024-07-09,458.0
2024-07-10,454.0
2024-07-11,439.0
2024-07-12,455.0
2024-07-13,485.0
2024-07-14,498.0
2024-07-15,476.0
2024-07-16,417.0
2024-07-17,470.0
2024-07-18,473.0
2024-07-19,436.0
2024-07-20,419.0
2024-07-21,468.0
2024-07-22,468.0
2024-07-23,434.0
2024-07-24,409.0
2024-07-25,420.0
2024-07-26,453.0
2024-07-27,502.0
2024-07-28,473.0
2024-07-29,419.0
2024-07-30,418.0
2024-07-31,403.0
2024-08-01,466.0
2024-08-02,417.0
2024-08-03,505.0
2024-08-04,506.0
2024-08-05,447.0
2024-08-06,410.0
2024-08-07,430.0
2024-08-08,419.0
2024-08-09,396.0
2024-08-10,488.0
2024-08-11,428.0
2024-08-12,446.0
2024-08-13,403.0
2024-08-14,419.0
2024-08-15,421.0
2024-08-16,406.0
2024-08-17,481.0
2024-08-18,462.0
2024-08-19,432.0
2024-08-20,376.0
2024-08-21,412.0
2024-08-22,457.0
2024-08-23,383.0
2024-08-24,435.0
2024-08-25,458.0
2024-08-26,411.0
2024-08-27,414.0
2024-08-28,417.0
2024-08-29,420.0
2024-08-30,432.0
2024-08-31,482.0
2024-09-01,446.0
2024-09-02,420.0
2024-09-03,450.0
2024-09-04,399.0
2024-09-05,377.0
2024-09-06,429.0
2024-09-07,447.0
2024-09-08,395.0
2024-09-09,422.0
2024-09-10,387.0
2024-09-11,398.0
2024-09-12,408.0
2024-09-13,404.0
2024-09-14,470.0
2024-09-15,445.0
2024-09-16,412.0
2024-09-17,392.0
2024-09-18,417.0
2024-09-19,414.0
2024-09-20,375.0
2024-09-21,479.0
2024-09-22,461.0
2024-09-23,419.0
2024-09-24,408.0
2024-09-25,445.0
2024-09-26,394.0
2024-09-27,391.0
2024-09-28,436.0
2024-09-29,444.0
2024-09-30,420.0
2024-10-01,360.0
2024-10-02,374.0
2024-10-03,374.0
2024-10-04,425.0
2024-10-05,496.0
2024-10-06,460.0
2024-10-07,398.0
2024-10-08,404.0
2024-10-09,432.0
2024-10-10,380.0
2024-10-11,410.0
2024-10-12,481.0
2024-10-13,455.0
2024-10-14,410.0
2024-10-15,431.0
2024-10-16,339.0
2024-10-17,424.0
2024-10-18,391.0
2024-10-19,434.0
2024-10-20,485.0
2024-10-21,444.0
2024-10-22,407.0
2024-10-23,435.0
2024-10-24,452.0
2024-10-25,446.0
2024-10-26,495.0
2024-10-27,495.0
2024-10-28,417.0
2024-10-29,376.0
2024-10-30,411.0
2024-10-31,397.0
2024-11-01,574.0
2024-11-02,554.0
2024-11-03,604.0
2024-11-04,534.0
2024-11-05,520.0
2024-11-06,579.0
2024-11-07,528.0
2024-11-08,530.0
2024-11-09,536.0
2024-11-10,530.0
2024-11-11,500.0
2024-11-12,517.0
2024-11-13,523.0
2024-11-14,508.0
2024-11-15,512.0
2024-11-16,557.0
2024-11-17,543.0
2024-11-18,580.0
2024-11-19,548.0
2024-11-20,502.0
2024-11-21,521.0
2024-11-22,511.0
2024-11-23,592.0
2024-11-24,608.0
2024-11-25,515.0
2024-11-26,546.0
2024-11-27,518.0
2024-11-28,603.0
2024-11-29,564.0
2024-11-30,537.0
2024-12-01,497.0
2024-12-02,436.0
2024-12-03,485.0
2024-12-04,460.0
2024-12-05,508.0
2024-12-06,461.0
2024-12-07,490.0
2024-12-08,483.0
2024-12-09,422.0
2024-12-10,428.0
2024-12-11,476.0
2024-12-12,484.0
2024-12-13,433.0
2024-12-14,543.0
2024-12-15,517.0
2024-12-16,481.0
2024-12-17,519.0
2024-12-18,503.0
2024-12-19,475.0
2024-12-20,461.0
2024-12-21,481.0
2024-12-22,511.0
2024-12-23,483.0
2024-12-24,465.0
2024-12-25,488.0
2024-12-26,495.0
2024-12-27,489.0
2024-12-28,534.0
2024-12-29,558.0
2024-12-30,510.0
2024-12-31,474.0
